Instructions,,,,,,,,,,,,,,
1) Create a lineup by inserting any player from this list into their appropriate position columns,,,,,,,,,,,,,,
2) You can paste either the Player ID + Name OR ID from their respective columns,,,,,,,,,,,,,,
3) Any information to the right of the last position column will be ignored in the upload,,,,,,,,,,,,,,
4) Maximum of 250 lineups per upload,,,,,,,,,,,,,,
,,,,,,,,,,,,,,
Player ID + Player Name,Id,Position,First Name,Nickname,Last Name,FPPG,Played,Salary,Game,Team,Opponent,Injury Indicator,Injury Details,Tier
38352-64401:Saquon Barkley,38352-64401,RB,Saquon,Saquon Barkley,Barkley,15.89999962,1,9200,BUF@NYG,NYG,BUF,,,
38352-57439:Patrick Mahomes,38352-57439,QB,Patrick,Patrick Mahomes,Mahomes,27.31999969,1,9000,KC@OAK,KC,OAK,Q,Ankle,
38352-16606:DeAndre Hopkins,38352-16606,WR,DeAndre,DeAndre Hopkins,Hopkins,27.10000038,1,9000,JAC@HOU,HOU,JAC,,,
38352-42104:Alvin Kamara,38352-42104,RB,Alvin,Alvin Kamara,Kamara,20.39999962,1,8700,NO@LAR,NO,LAR,,,
38352-54879:Deshaun Watson,38352-54879,QB,Deshaun,Deshaun Watson,Watson,31.71999931,1,8500,JAC@HOU,HOU,JAC,,,
38352-38791:Ezekiel Elliott,38352-38791,RB,Ezekiel,Ezekiel Elliott,Elliott,12.80000019,1,8500,DAL@WAS,DAL,WAS,,,
38352-28573:Michael Thomas,38352-28573,WR,Michael,Michael Thomas,Thomas,17.29999924,1,8500,NO@LAR,NO,LAR,,,
38352-63115:Lamar Jackson,38352-63115,QB,Lamar,Lamar Jackson,Jackson,33.56000137,1,8200,ARI@BAL,BAL,ARI,,,
38352-45889:Davante Adams,38352-45889,WR,Davante,Davante Adams,Adams,5.599999905,1,8200,MIN@GB,GB,MIN,,,
38352-55987:JuJu Smith-Schuster,38352-55987,WR,JuJu,JuJu Smith-Schuster,Smith-Schuster,10.80000019,1,8100,SEA@PIT,PIT,SEA,Q,Toe,
38352-33076:Travis Kelce,38352-33076,TE,Travis,Travis Kelce,Kelce,10.30000019,1,8000,KC@OAK,KC,OAK,,,
38352-6504:Drew Brees,38352-6504,QB,Drew,Drew Brees,Brees,21.79999924,1,8000,NO@LAR,NO,LAR,,,
38352-6894:Aaron Rodgers,38352-6894,QB,Aaron,Aaron Rodgers,Rodgers,12.92000008,1,8000,MIN@GB,GB,MIN,,,
38352-54140:Dalvin Cook,38352-54140,RB,Dalvin,Dalvin Cook,Cook,25,1,7900,MIN@GB,MIN,GB,,,
38352-31001:Amari Cooper,38352-31001,WR,Amari,Amari Cooper,Cooper,19.60000038,1,7800,DAL@WAS,DAL,WAS,,,
38352-11612:Antonio Brown,38352-11612,WR,Antonio,Antonio Brown,Brown,18.11333415,15,7800,NE@MIA,NE,MIA,,,
38352-6498:Tom Brady,38352-6498,QB,Tom,Tom Brady,Brady,25.63999939,1,7800,NE@MIA,NE,MIA,,,
38352-29253:Keenan Allen,38352-29253,WR,Keenan,Keenan Allen,Allen,22.29999924,1,7700,LAC@DET,LAC,DET,,,
38352-40687:James Conner,38352-40687,RB,James,James Conner,Conner,8.5,1,7700,SEA@PIT,PIT,SEA,,,
38352-7968:Philip Rivers,38352-7968,QB,Philip,Philip Rivers,Rivers,24.92000008,1,7700,LAC@DET,LAC,DET,,,
38352-31716:Dak Prescott,38352-31716,QB,Dak,Dak Prescott,Prescott,33.40000153,1,7700,DAL@WAS,DAL,WAS,,,
38352-53681:Tyreek Hill,38352-53681,WR,Tyreek,Tyreek Hill,Hill,3.099999905,1,7600,KC@OAK,KC,OAK,O,Collarbone,
38352-6589:Ben Roethlisberger,38352-6589,QB,Ben,Ben Roethlisberger,Roethlisberger,10.73999977,1,7600,SEA@PIT,PIT,SEA,,,
38352-22015:Russell Wilson,38352-22015,QB,Russell,Russell Wilson,Wilson,16.63999939,1,7600,SEA@PIT,SEA,PIT,,,
38352-22031:T.Y. Hilton,38352-22031,WR,T.Y.,T.Y. Hilton,Hilton,24.70000076,1,7600,IND@TEN,IND,TEN,,,
38352-38435:Jared Goff,38352-38435,QB,Jared,Jared Goff,Goff,10.43999958,1,7600,NO@LAR,LAR,NO,,,
38352-80001:Austin Ekeler,38352-80001,RB,Austin,Austin Ekeler,Ekeler,36.40000153,1,7500,LAC@DET,LAC,DET,,,
38352-52442:Joe Mixon,38352-52442,RB,Joe,Joe Mixon,Mixon,2.700000048,1,7500,SF@CIN,CIN,SF,Q,Ankle,
38352-39280:Derrick Henry,38352-39280,RB,Derrick,Derrick Henry,Henry,28.39999962,1,7500,IND@TEN,TEN,IND,,,
38352-62239:Josh Allen,38352-62239,QB,Josh,Josh Allen,Allen,17.95999908,1,7500,BUF@NYG,BUF,NYG,,,
38352-14211:Mark Ingram II,38352-14211,RB,Mark,Mark Ingram II,Ingram II,22.70000076,1,7500,ARI@BAL,BAL,ARI,,,
38352-24641:Sammy Watkins,38352-24641,WR,Sammy,Sammy Watkins,Watkins,42.29999924,1,7400,KC@OAK,KC,OAK,,,
38352-57909:Marlon Mack,38352-57909,RB,Marlon,Marlon Mack,Mack,25.39999962,1,7400,IND@TEN,IND,TEN,,,
38352-64119:Chris Carson,38352-64119,RB,Chris,Chris Carson,Carson,21.10000038,1,7400,SEA@PIT,SEA,PIT,,,
38352-29358:Marcus Mariota,38352-29358,QB,Marcus,Marcus Mariota,Mariota,24.31999969,1,7400,IND@TEN,TEN,IND,,,
38352-62497:David Johnson,38352-62497,RB,David,David Johnson,Johnson,22.70000076,1,7300,ARI@BAL,ARI,BAL,,,
38352-22038:Kirk Cousins,38352-22038,QB,Kirk,Kirk Cousins,Cousins,14.31999969,1,7300,MIN@GB,MIN,GB,,,
38352-39716:Adam Thielen,38352-39716,WR,Adam,Adam Thielen,Thielen,11.80000019,1,7300,MIN@GB,MIN,GB,,,
38352-29685:Robert Woods,38352-29685,WR,Robert,Robert Woods,Woods,12.60000038,1,7300,NO@LAR,LAR,NO,,,
38352-28643:Allen Robinson II,38352-28643,WR,Allen,Allen Robinson II,Robinson II,13.69999981,1,7200,CHI@DEN,CHI,DEN,,,
38352-7859:Julian Edelman,38352-7859,WR,Julian,Julian Edelman,Edelman,13.38000011,1,7100,NE@MIA,NE,MIA,,,
38352-14187:A.J. Green,38352-14187,WR,A.J.,A.J. Green,Green,14.04444461,9,7100,SF@CIN,CIN,SF,O,Ankle,
38352-39793:George Kittle,38352-39793,TE,George,George Kittle,Kittle,9.399999619,1,7100,SF@CIN,SF,CIN,,,
38352-14225:Andy Dalton,38352-14225,QB,Andy,Andy Dalton,Dalton,20.71999931,1,7100,SF@CIN,CIN,SF,,,
38352-54604:Jimmy Garoppolo,38352-54604,QB,Jimmy,Jimmy Garoppolo,Garoppolo,11.43999958,1,7000,SF@CIN,SF,CIN,,,
38352-6654:Matthew Stafford,38352-6654,QB,Matthew,Matthew Stafford,Stafford,27.60000038,1,7000,LAC@DET,DET,LAC,,,
38352-30447:Todd Gurley II,38352-30447,RB,Todd,Todd Gurley II,Gurley II,10.60000038,1,7000,NO@LAR,LAR,NO,,,
38352-29501:Brandin Cooks,38352-29501,WR,Brandin,Brandin Cooks,Cooks,4.900000095,1,7000,NO@LAR,LAR,NO,,,
38352-22994:Case Keenum,38352-22994,QB,Case,Case Keenum,Keenum,27.20000076,1,6900,DAL@WAS,WAS,DAL,,,
38352-25079:Stefon Diggs,38352-25079,WR,Stefon,Stefon Diggs,Diggs,4.699999809,1,6900,MIN@GB,MIN,GB,,,
38352-52922:Leonard Fournette,38352-52922,RB,Leonard,Leonard Fournette,Fournette,9.399999619,1,6900,JAC@HOU,JAC,HOU,,,
38352-79970:Cooper Kupp,38352-79970,WR,Cooper,Cooper Kupp,Kupp,8.100000381,1,6800,NO@LAR,LAR,NO,,,
38352-53640:Sony Michel,38352-53640,RB,Sony,Sony Michel,Michel,1.399999976,1,6800,NE@MIA,NE,MIA,,,
38352-38628:Mitchell Trubisky,38352-38628,QB,Mitchell,Mitchell Trubisky,Trubisky,9.220000267,1,6800,CHI@DEN,CHI,DEN,,,
38352-27050:Tyler Lockett,38352-27050,WR,Tyler,Tyler Lockett,Lockett,10.89999962,1,6700,SEA@PIT,SEA,PIT,,,
38352-63806:Kerryon Johnson,38352-63806,RB,Kerryon,Kerryon Johnson,Johnson,7.199999809,1,6600,LAC@DET,DET,LAC,,,
38352-41426:Phillip Lindsay,38352-41426,RB,Phillip,Phillip Lindsay,Lindsay,8.600000381,1,6600,CHI@DEN,DEN,CHI,,,
38352-45859:Derek Carr,38352-45859,QB,Derek,Derek Carr,Carr,14.56000042,1,6600,KC@OAK,OAK,KC,,,
38352-27441:Damien Williams,38352-27441,RB,Damien,Damien Williams,Williams,15.5,1,6600,KC@OAK,KC,OAK,,,
38352-54244:Kenny Golladay,38352-54244,WR,Kenny,Kenny Golladay,Golladay,12.19999981,1,6600,LAC@DET,DET,LAC,,,
38352-72731:Josh Jacobs,38352-72731,RB,Josh,Josh Jacobs,Jacobs,23.79999924,1,6500,KC@OAK,OAK,KC,,,
38352-63484:Kyler Murray,38352-63484,QB,Kyler,Kyler Murray,Murray,22.62000084,1,6500,ARI@BAL,ARI,BAL,,,
38352-61798:Gardner Minshew II,38352-61798,QB,Gardner,Gardner Minshew II,Minshew II,18.60000038,1,6400,JAC@HOU,JAC,HOU,,,
38352-40442:Aaron Jones,38352-40442,RB,Aaron,Aaron Jones,Jones,4.400000095,1,6400,MIN@GB,GB,MIN,,,
38352-41475:John Ross III,38352-41475,WR,John,John Ross III,Ross III,31.29999924,1,6400,SF@CIN,CIN,SF,,,
38352-6714:Joe Flacco,38352-6714,QB,Joe,Joe Flacco,Flacco,14.81999969,1,6400,CHI@DEN,DEN,CHI,,,
38352-6826:Eli Manning,38352-6826,QB,Eli,Eli Manning,Manning,14.84000015,1,6400,BUF@NYG,NYG,BUF,,,
38352-41872:Evan Engram,38352-41872,TE,Evan,Evan Engram,Engram,23.10000038,1,6400,BUF@NYG,NYG,BUF,,,
38352-28930:James White,38352-28930,RB,James,James White,White,10.69999981,1,6300,NE@MIA,NE,MIA,,,
38352-54606:John Brown,38352-54606,WR,John,John Brown,Brown,21.79999924,1,6300,BUF@NYG,BUF,NYG,,,
38352-23194:Josh Gordon,38352-23194,WR,Josh,Josh Gordon,Gordon,14.80000019,1,6300,NE@MIA,NE,MIA,,,
38352-40669:Tyler Boyd,38352-40669,WR,Tyler,Tyler Boyd,Boyd,10.30000019,1,6300,SF@CIN,CIN,SF,,,
38352-69956:Michael Gallup,38352-69956,WR,Michael,Michael Gallup,Gallup,19.29999924,1,6200,DAL@WAS,DAL,WAS,,,
38352-7659:Ryan Fitzpatrick,38352-7659,QB,Ryan,Ryan Fitzpatrick,Fitzpatrick,11.19999981,1,6200,NE@MIA,MIA,NE,,,
38352-40845:Hunter Henry,38352-40845,TE,Hunter,Hunter Henry,Henry,8,1,6200,LAC@DET,LAC,DET,,,
38352-42028:Will Fuller V,38352-42028,WR,Will,Will Fuller V,Fuller V,7.900000095,1,6100,JAC@HOU,HOU,JAC,,,
38352-79974:Tarik Cohen,38352-79974,RB,Tarik,Tarik Cohen,Cohen,8.899999619,1,6100,CHI@DEN,CHI,DEN,,,
38352-52436:Mark Andrews,38352-52436,TE,Mark,Mark Andrews,Andrews,20.79999924,1,6100,ARI@BAL,BAL,ARI,,,
38352-25837:Duke Johnson,38352-25837,RB,Duke,Duke Johnson,Johnson,11,1,6100,JAC@HOU,HOU,JAC,,,
38352-73048:DK Metcalf,38352-73048,WR,DK,DK Metcalf,Metcalf,10.89999962,1,6100,SEA@PIT,SEA,PIT,,,
38352-55165:Justin Jackson,38352-55165,RB,Justin,Justin Jackson,Jackson,6.599999905,1,6100,LAC@DET,LAC,DET,,,
38352-39829:Mike Williams,38352-39829,WR,Mike,Mike Williams,Williams,3.900000095,1,6100,LAC@DET,LAC,DET,Q,Knee,
38352-71706:T.J. Hockenson,38352-71706,TE,T.J.,T.J. Hockenson,Hockenson,22.10000038,1,6000,LAC@DET,DET,LAC,,,
38352-24607:Chad Kelly,38352-24607,QB,Chad,Chad Kelly,Kelly,-0.100000001,1,6000,IND@TEN,IND,TEN,O,Suspension,
38352-63519:Daniel Jones,38352-63519,QB,Daniel,Daniel Jones,Jones,-0.819999993,1,6000,BUF@NYG,NYG,BUF,,,
38352-14377:Tyrod Taylor,38352-14377,QB,Tyrod,Tyrod Taylor,Taylor,0,1,6000,LAC@DET,LAC,DET,,,
38352-30788:Tyler Bray,38352-30788,QB,Tyler,Tyler Bray,Bray,0,0,6000,CHI@DEN,CHI,DEN,,,
38352-63611:Kyle Shurmur,38352-63611,QB,Kyle,Kyle Shurmur,Shurmur,0,0,6000,KC@OAK,KC,OAK,,,
38352-52369:Manny Wilkins,38352-52369,QB,Manny,Manny Wilkins,Wilkins,0,0,6000,MIN@GB,GB,MIN,,,
38352-57537:DeShone Kizer,38352-57537,QB,DeShone,DeShone Kizer,Kizer,2.460000038,3,6000,KC@OAK,OAK,KC,,,
38352-45259:Logan Woodside,38352-45259,QB,Logan,Logan Woodside,Woodside,0,0,6000,IND@TEN,TEN,IND,,,
38352-29915:Brett Hundley,38352-29915,QB,Brett,Brett Hundley,Hundley,0,0,6000,ARI@BAL,ARI,BAL,,,
38352-54507:Alex McGough,38352-54507,QB,Alex,Alex McGough,McGough,0,0,6000,JAC@HOU,HOU,JAC,,,
38352-11500:Colt McCoy,38352-11500,QB,Colt,Colt McCoy,McCoy,10.0600001,3,6000,DAL@WAS,WAS,DAL,O,Lower leg,
38352-31047:AJ McCarron,38352-31047,QB,AJ,AJ McCarron,McCarron,0.059999999,2,6000,JAC@HOU,HOU,JAC,,,
38352-27982:Jake Rudock,38352-27982,QB,Jake,Jake Rudock,Rudock,0,0,6000,NE@MIA,MIA,NE,,,
38352-27986:C.J. Beathard,38352-27986,QB,C.J.,C.J. Beathard,Beathard,16.39600067,5,6000,SF@CIN,SF,CIN,,,
38352-52606:David Blough,38352-52606,QB,David,David Blough,Blough,0,0,6000,LAC@DET,DET,LAC,,,
38352-103824:Easton Stick,38352-103824,QB,Easton,Easton Stick,Stick,0,0,6000,LAC@DET,LAC,DET,,,
38352-60840:Jake Browning,38352-60840,QB,Jake,Jake Browning,Browning,0,0,6000,MIN@GB,MIN,GB,,,
38352-21941:Robert Griffin III,38352-21941,QB,Robert,Robert Griffin III,Griffin III,7.099999905,1,6000,ARI@BAL,BAL,ARI,,,
38352-21948:Ryan Tannehill,38352-21948,QB,Ryan,Ryan Tannehill,Tannehill,-0.200000003,1,6000,IND@TEN,TEN,IND,,,
38352-31170:Brandon Allen,38352-31170,QB,Brandon,Brandon Allen,Allen,0,0,6000,CHI@DEN,DEN,CHI,,,
38352-40407:Josh Dobbs,38352-40407,QB,Josh,Josh Dobbs,Dobbs,0.36400001,5,6000,JAC@HOU,JAC,HOU,,,
38352-73183:Dwayne Haskins Jr.,38352-73183,QB,Dwayne,Dwayne Haskins Jr.,Haskins Jr.,0,0,6000,DAL@WAS,WAS,DAL,,,
38352-53729:Mason Rudolph,38352-53729,QB,Mason,Mason Rudolph,Rudolph,0,0,6000,SEA@PIT,PIT,SEA,,,
38352-33259:Teddy Bridgewater,38352-33259,QB,Teddy,Teddy Bridgewater,Bridgewater,2.055000067,4,6000,NO@LAR,NO,LAR,,,
38352-45565:Taysom Hill,38352-45565,QB,Taysom,Taysom Hill,Hill,8.199999809,1,6000,NO@LAR,NO,LAR,,,
38352-34308:Blake Bortles,38352-34308,QB,Blake,Blake Bortles,Bortles,14.17076932,13,6000,NO@LAR,LAR,NO,,,
38352-22027:Nick Foles,38352-22027,QB,Nick,Nick Foles,Foles,7,1,6000,JAC@HOU,JAC,HOU,IR,Collarbone,
38352-60947:Jarrett Stidham,38352-60947,QB,Jarrett,Jarrett Stidham,Stidham,0,0,6000,NE@MIA,NE,MIA,,,
38352-30231:Jacoby Brissett,38352-30231,QB,Jacoby,Jacoby Brissett,Brissett,16.5,1,6000,IND@TEN,IND,TEN,,,
38352-40482:Tim Boyle,38352-40482,QB,Tim,Tim Boyle,Boyle,0,0,6000,MIN@GB,GB,MIN,,,
38352-23075:Alex Tanney,38352-23075,QB,Alex,Alex Tanney,Tanney,0,0,6000,BUF@NYG,NYG,BUF,,,
38352-64051:Drew Lock,38352-64051,QB,Drew,Drew Lock,Lock,0,0,6000,CHI@DEN,DEN,CHI,IR,Thumb,
38352-7761:Jared Cook,38352-7761,TE,Jared,Jared Cook,Cook,4.699999809,1,6000,NO@LAR,NO,LAR,,,
38352-41562:Nick Mullens,38352-41562,QB,Nick,Nick Mullens,Mullens,16.68499947,8,6000,SF@CIN,SF,CIN,,,
38352-8803:Chase Daniel,38352-8803,QB,Chase,Chase Daniel,Daniel,8.050000191,4,6000,CHI@DEN,CHI,DEN,,,
38352-6808:Matt Moore,38352-6808,QB,Matt,Matt Moore,Moore,-0.100000001,1,6000,KC@OAK,KC,OAK,,,
38352-44715:Cooper Rush,38352-44715,QB,Cooper,Cooper Rush,Rush,0,0,6000,DAL@WAS,DAL,WAS,,,
38352-62133:Chase Litton,38352-62133,QB,Chase,Chase Litton,Litton,0,0,6000,JAC@HOU,JAC,HOU,,,
38352-7872:Brian Hoyer,38352-7872,QB,Brian,Brian Hoyer,Hoyer,-0.103999996,5,6000,IND@TEN,IND,TEN,,,
38352-61157:Brett Rypien,38352-61157,QB,Brett,Brett Rypien,Rypien,0,0,6000,CHI@DEN,DEN,CHI,,,
38352-29445:Sean Mannion,38352-29445,QB,Sean,Sean Mannion,Mannion,0.006666667,3,6000,MIN@GB,MIN,GB,,,
38352-46866:Ryan Finley,38352-46866,QB,Ryan,Ryan Finley,Finley,0,0,6000,SF@CIN,CIN,SF,,,
38352-25410:Mike Glennon,38352-25410,QB,Mike,Mike Glennon,Glennon,5.480000019,2,6000,KC@OAK,OAK,KC,,,
38352-27477:Sterling Shepard,38352-27477,WR,Sterling,Sterling Shepard,Shepard,7.199999809,1,6000,BUF@NYG,NYG,BUF,Q,Concussion,
38352-8023:Josh Johnson,38352-8023,QB,Josh,Josh Johnson,Johnson,13.39999962,4,6000,LAC@DET,DET,LAC,,,
38352-104281:Jake Dolegala,38352-104281,QB,Jake,Jake Dolegala,Dolegala,0,0,6000,SF@CIN,CIN,SF,,,
38352-41827:Phillip Walker,38352-41827,QB,Phillip,Phillip Walker,Walker,0,0,6000,IND@TEN,IND,TEN,,,
38352-55148:Clayton Thorson,38352-55148,QB,Clayton,Clayton Thorson,Thorson,0,0,6000,DAL@WAS,DAL,WAS,,,
38352-26483:Geno Smith,38352-26483,QB,Geno,Geno Smith,Smith,-0.370000005,4,6000,SEA@PIT,SEA,PIT,,,
38352-39795:Davis Webb,38352-39795,QB,Davis,Davis Webb,Webb,0,0,6000,BUF@NYG,BUF,NYG,,,
38352-56192:John Wolford,38352-56192,QB,John,John Wolford,Wolford,0,0,6000,NO@LAR,LAR,NO,,,
38352-62364:Josh Rosen,38352-62364,QB,Josh,Josh Rosen,Rosen,-0.800000012,1,6000,NE@MIA,MIA,NE,,,
38352-29605:Matt Barkley,38352-29605,QB,Matt,Matt Barkley,Barkley,17.07999992,1,6000,BUF@NYG,BUF,NYG,,,
38352-56286:Trace McSorley,38352-56286,QB,Trace,Trace McSorley,McSorley,0,0,6000,ARI@BAL,BAL,ARI,,,
38352-57403:Courtland Sutton,38352-57403,WR,Courtland,Courtland Sutton,Sutton,15.5,1,5900,CHI@DEN,DEN,CHI,,,
38352-62535:Tyrell Williams,38352-62535,WR,Tyrell,Tyrell Williams,Williams,19.5,1,5900,KC@OAK,OAK,KC,,,
38352-27776:Tevin Coleman,38352-27776,RB,Tevin,Tevin Coleman,Coleman,6.599999905,1,5900,SF@CIN,SF,CIN,O,Ankle,
38352-60910:Dede Westbrook,38352-60910,WR,Dede,Dede Westbrook,Westbrook,11.69999981,1,5900,JAC@HOU,JAC,HOU,,,
38352-34331:Latavius Murray,38352-34331,RB,Latavius,Latavius Murray,Murray,11.69999981,1,5900,NO@LAR,NO,LAR,,,
38352-55970:Royce Freeman,38352-55970,RB,Royce,Royce Freeman,Freeman,6.599999905,1,5900,CHI@DEN,DEN,CHI,,,
38352-6863:Delanie Walker,38352-6863,TE,Delanie,Delanie Walker,Walker,20,1,5900,IND@TEN,TEN,IND,,,
38352-73273:David Montgomery,38352-73273,RB,David,David Montgomery,Montgomery,5,1,5800,CHI@DEN,CHI,DEN,,,
38352-6779:LeSean McCoy,38352-6779,RB,LeSean,LeSean McCoy,McCoy,9.800000191,1,5800,KC@OAK,KC,OAK,,,
38352-60735:Derrius Guice,38352-60735,RB,Derrius,Derrius Guice,Guice,5.300000191,1,5700,DAL@WAS,WAS,DAL,D,Knee - meniscus,
38352-45439:Corey Davis,38352-45439,WR,Corey,Corey Davis,Davis,0,1,5700,IND@TEN,TEN,IND,,,
38352-22103:Marvin Jones Jr.,38352-22103,WR,Marvin,Marvin Jones Jr.,Jones Jr.,8,1,5700,LAC@DET,DET,LAC,,,
38352-86687:Marquise Brown,38352-86687,WR,Marquise,Marquise Brown,Brown,28.70000076,1,5700,ARI@BAL,BAL,ARI,,,
38352-25272:Eric Ebron,38352-25272,TE,Eric,Eric Ebron,Ebron,1.299999952,1,5700,IND@TEN,IND,TEN,,,
38352-25290:Giovani Bernard,38352-25290,RB,Giovani,Giovani Bernard,Bernard,7.300000191,1,5700,SF@CIN,CIN,SF,,,
38352-70603:Devin Singletary,38352-70603,RB,Devin,Devin Singletary,Singletary,12.30000019,1,5700,BUF@NYG,BUF,NYG,,,
38352-53303:Matt Breida,38352-53303,RB,Matt,Matt Breida,Breida,3.700000048,1,5600,SF@CIN,SF,CIN,,,
38352-28744:Raheem Mostert,38352-28744,RB,Raheem,Raheem Mostert,Mostert,4.5,1,5600,SF@CIN,SF,CIN,,,
38352-11505:Emmanuel Sanders,38352-11505,WR,Emmanuel,Emmanuel Sanders,Sanders,17.10000038,1,5600,CHI@DEN,DEN,CHI,,,
38352-32045:Vance McDonald,38352-32045,TE,Vance,Vance McDonald,McDonald,5,1,5600,SEA@PIT,PIT,SEA,,,
38352-56698:Dante Pettis,38352-56698,WR,Dante,Dante Pettis,Pettis,1.200000048,1,5600,SF@CIN,SF,CIN,,,
38352-28080:Devin Funchess,38352-28080,WR,Devin,Devin Funchess,Funchess,4.699999809,1,5600,IND@TEN,IND,TEN,IR,Collarbone,
38352-40647:Marquez Valdes-Scantling,38352-40647,WR,Marquez,Marquez Valdes-Scantling,Valdes-Scantling,7.199999809,1,5600,MIN@GB,GB,MIN,,,
38352-41741:DaeSean Hamilton,38352-41741,WR,DaeSean,DaeSean Hamilton,Hamilton,1.5,1,5600,CHI@DEN,DEN,CHI,,,
38352-27771:Cody Latimer,38352-27771,WR,Cody,Cody Latimer,Latimer,8.899999619,1,5500,BUF@NYG,NYG,BUF,,,
38352-30989:Kenyan Drake,38352-30989,RB,Kenyan,Kenyan Drake,Drake,3.700000048,1,5500,NE@MIA,MIA,NE,,,
38352-55748:James Washington,38352-55748,WR,James,James Washington,Washington,6.099999905,1,5500,SEA@PIT,PIT,SEA,,,
38352-32234:Malcolm Brown,38352-32234,RB,Malcolm,Malcolm Brown,Brown,17.29999924,1,5500,NO@LAR,LAR,NO,,,
38352-6883:Larry Fitzgerald,38352-6883,WR,Larry,Larry Fitzgerald,Fitzgerald,21.29999924,1,5500,ARI@BAL,ARI,BAL,,,
38352-14257:Randall Cobb,38352-14257,WR,Randall,Randall Cobb,Cobb,14.89999962,1,5500,DAL@WAS,DAL,WAS,,,
38352-55323:Jaylen Samuels,38352-55323,RB,Jaylen,Jaylen Samuels,Samuels,1.100000024,1,5400,SEA@PIT,PIT,SEA,,,
38352-64576:Damien Harris,38352-64576,RB,Damien,Damien Harris,Harris,0,0,5400,NE@MIA,NE,MIA,,,
38352-72846:A.J. Brown,38352-72846,WR,A.J.,A.J. Brown,Brown,11.5,1,5400,IND@TEN,TEN,IND,,,
38352-11512:Jimmy Graham,38352-11512,TE,Jimmy,Jimmy Graham,Graham,10.5,1,5400,MIN@GB,GB,MIN,,,
38352-25011:Darren Waller,38352-25011,TE,Darren,Darren Waller,Waller,10.5,1,5400,KC@OAK,OAK,KC,,,
38352-60858:Christian Kirk,38352-60858,WR,Christian,Christian Kirk,Kirk,8.399999619,1,5400,ARI@BAL,ARI,BAL,,,
38352-30297:Trey Burton,38352-30297,TE,Trey,Trey Burton,Burton,7.506249905,16,5400,CHI@DEN,CHI,DEN,Q,Groin,
38352-52917:DJ Chark Jr.,38352-52917,WR,DJ,DJ Chark Jr.,Chark Jr.,22.60000038,1,5400,JAC@HOU,JAC,HOU,,,
38352-64242:Keke Coutee,38352-64242,WR,Keke,Keke Coutee,Coutee,8.116666794,6,5400,JAC@HOU,HOU,JAC,Q,Ankle,
38352-28473:Carlos Hyde,38352-28473,RB,Carlos,Carlos Hyde,Hyde,9,1,5400,JAC@HOU,HOU,JAC,,,
38352-31561:Donte Moncrief,38352-31561,WR,Donte,Donte Moncrief,Moncrief,2.200000048,1,5400,SEA@PIT,PIT,SEA,,,
38352-39859:Jack Doyle,38352-39859,TE,Jack,Jack Doyle,Doyle,2.5,1,5400,IND@TEN,IND,TEN,,,
38352-8117:Danny Amendola,38352-8117,WR,Danny,Danny Amendola,Amendola,19.89999962,1,5400,LAC@DET,DET,LAC,,,
38352-42107:Robert Foster,38352-42107,WR,Robert,Robert Foster,Foster,7.781818043,11,5300,BUF@NYG,BUF,NYG,,,
38352-63625:Nyheim Hines,38352-63625,RB,Nyheim,Nyheim Hines,Hines,3.700000048,1,5300,IND@TEN,IND,TEN,,,
38352-24891:Chris Thompson,38352-24891,RB,Chris,Chris Thompson,Thompson,11.30000019,1,5300,DAL@WAS,WAS,DAL,,,
38352-33260:DeVante Parker,38352-33260,WR,DeVante,DeVante Parker,Parker,9,1,5300,NE@MIA,MIA,NE,,,
38352-30298:Jordan Reed,38352-30298,TE,Jordan,Jordan Reed,Reed,7.138461773,13,5300,DAL@WAS,WAS,DAL,Q,Concussion,
38352-27457:Kenny Stills,38352-27457,WR,Kenny,Kenny Stills,Stills,11.19999981,1,5300,JAC@HOU,HOU,JAC,,,
38352-56250:Terry McLaurin,38352-56250,WR,Terry,Terry McLaurin,McLaurin,21,1,5300,DAL@WAS,WAS,DAL,,,
38352-14339:Dion Lewis,38352-14339,RB,Dion,Dion Lewis,Lewis,2.799999952,1,5200,IND@TEN,TEN,IND,,,
38352-71705:Noah Fant,38352-71705,TE,Noah,Noah Fant,Fant,3.400000095,1,5200,CHI@DEN,DEN,CHI,,,
38352-79987:David Moore,38352-79987,WR,David,David Moore,Moore,6.285714286,14,5200,SEA@PIT,SEA,PIT,O,Shoulder,
38352-40167:Gus Edwards,38352-40167,RB,Gus,Gus Edwards,Edwards,5.599999905,1,5200,ARI@BAL,BAL,ARI,,,
38352-38264:Demarcus Robinson,38352-38264,WR,Demarcus,Demarcus Robinson,Robinson,0.5,1,5200,KC@OAK,KC,OAK,,,
38352-32243:Marquise Goodwin,38352-32243,WR,Marquise,Marquise Goodwin,Goodwin,1.200000048,1,5200,SF@CIN,SF,CIN,,,
38352-41936:Anthony Miller,38352-41936,WR,Anthony,Anthony Miller,Miller,0,1,5200,CHI@DEN,CHI,DEN,,,
38352-57342:Tre'Quan Smith,38352-57342,WR,Tre'Quan,Tre'Quan Smith,Smith,9.600000381,1,5200,NO@LAR,NO,LAR,,,
38352-83081:Chase Edmonds,38352-83081,RB,Chase,Chase Edmonds,Edmonds,0.5,1,5100,ARI@BAL,ARI,BAL,,,
38352-52371:Kalen Ballage,38352-52371,RB,Kalen,Kalen Ballage,Ballage,1.700000048,1,5100,NE@MIA,MIA,NE,,,
38352-52560:Geronimo Allison,38352-52560,WR,Geronimo,Geronimo Allison,Allison,10.45999985,5,5100,MIN@GB,GB,MIN,,,
38352-57840:Rashaad Penny,38352-57840,RB,Rashaad,Rashaad Penny,Penny,1.799999952,1,5100,SEA@PIT,SEA,PIT,,,
38352-52902:Trey Quinn,38352-52902,WR,Trey,Trey Quinn,Quinn,11.30000019,1,5100,DAL@WAS,WAS,DAL,,,
38352-30403:Chris Conley,38352-30403,WR,Chris,Chris Conley,Conley,18.70000076,1,5100,JAC@HOU,JAC,HOU,,,
38352-6870:Vernon Davis,38352-6870,TE,Vernon,Vernon Davis,Davis,13.89999962,1,5100,DAL@WAS,WAS,DAL,,,
38352-33578:Jalen Richard,38352-33578,RB,Jalen,Jalen Richard,Richard,0.300000012,1,5100,KC@OAK,OAK,KC,,,
38352-12555:Baltimore Ravens,38352-12555,D,Baltimore,Baltimore Ravens,Ravens,13,1,5000,ARI@BAL,BAL,ARI,,,
38352-44449:Willie Snead IV,38352-44449,WR,Willie,Willie Snead IV,Snead IV,11.10000038,1,5000,ARI@BAL,BAL,ARI,,,
38352-6627:Ted Ginn Jr.,38352-6627,WR,Ted,Ted Ginn Jr.,Ginn Jr.,13.60000038,1,5000,NO@LAR,NO,LAR,,,
38352-22288:Cole Beasley,38352-22288,WR,Cole,Cole Beasley,Beasley,6.5,1,5000,BUF@NYG,BUF,NYG,,,
38352-56262:Parris Campbell,38352-56262,WR,Parris,Parris Campbell,Campbell,1.299999952,1,5000,IND@TEN,IND,TEN,,,
38352-72776:Alexander Mattison,38352-72776,RB,Alexander,Alexander Mattison,Mattison,4.900000095,1,4900,MIN@GB,MIN,GB,,,
38352-48344:Albert Wilson,38352-48344,WR,Albert,Albert Wilson,Wilson,2.400000095,1,4900,NE@MIA,MIA,NE,Q,Calf,
38352-12541:New England Patriots,38352-12541,D,New England,New England Patriots,Patriots,10,1,4900,NE@MIA,NE,MIA,,,
38352-28157:Bennie Fowler III,38352-28157,WR,Bennie,Bennie Fowler III,Fowler III,6.5,1,4900,BUF@NYG,NYG,BUF,,,
38352-22035:Travis Benjamin,38352-22035,WR,Travis,Travis Benjamin,Benjamin,2.200000048,1,4900,LAC@DET,LAC,DET,,,
38352-29249:C.J. Anderson,38352-29249,RB,C.J.,C.J. Anderson,Anderson,3.5,1,4900,LAC@DET,DET,LAC,,,
38352-6840:Frank Gore,38352-6840,RB,Frank,Frank Gore,Gore,2,1,4900,BUF@NYG,BUF,NYG,,,
38352-56018:Deebo Samuel,38352-56018,WR,Deebo,Deebo Samuel,Samuel,3.200000048,1,4900,SF@CIN,SF,CIN,,,
38352-33557:Tyler Eifert,38352-33557,TE,Tyler,Tyler Eifert,Eifert,5.199999809,1,4900,SF@CIN,CIN,SF,,,
38352-71521:Justice Hill,38352-71521,RB,Justice,Justice Hill,Hill,2.700000048,1,4900,ARI@BAL,BAL,ARI,,,
38352-57208:KeeSean Johnson,38352-57208,WR,KeeSean,KeeSean Johnson,Johnson,7.099999905,1,4900,ARI@BAL,ARI,BAL,,,
38352-14237:Kyle Rudolph,38352-14237,TE,Kyle,Kyle Rudolph,Rudolph,0,1,4900,MIN@GB,MIN,GB,,,
38352-30635:Mike Davis,38352-30635,RB,Mike,Mike Davis,Davis,6.599999905,1,4900,CHI@DEN,CHI,DEN,,,
38352-24671:Adam Humphries,38352-24671,WR,Adam,Adam Humphries,Humphries,1,1,4800,IND@TEN,TEN,IND,,,
38352-12556:Houston Texans,38352-12556,D,Houston,Houston Texans,Texans,2,1,4800,JAC@HOU,HOU,JAC,,,
38352-63759:Tony Pollard,38352-63759,RB,Tony,Tony Pollard,Pollard,2.400000095,1,4800,DAL@WAS,DAL,WAS,,,
38352-54753:Taylor Gabriel,38352-54753,WR,Taylor,Taylor Gabriel,Gabriel,3.400000095,1,4800,CHI@DEN,CHI,DEN,,,
38352-31207:C.J. Uzomah,38352-31207,TE,C.J.,C.J. Uzomah,Uzomah,8.600000381,1,4800,SF@CIN,CIN,SF,,,
38352-62967:Preston Williams,38352-62967,WR,Preston,Preston Williams,Williams,9.899999619,1,4800,NE@MIA,MIA,NE,,,
38352-64031:Hayden Hurst,38352-64031,TE,Hayden,Hayden Hurst,Hurst,5.599999905,1,4800,ARI@BAL,BAL,ARI,,,
38352-6703:Adrian Peterson,38352-6703,RB,Adrian,Adrian Peterson,Peterson,11.1875,16,4800,DAL@WAS,WAS,DAL,,,
38352-45631:Jamaal Williams,38352-45631,RB,Jamaal,Jamaal Williams,Williams,2.5,1,4800,MIN@GB,GB,MIN,,,
38352-29593:Marqise Lee,38352-29593,WR,Marqise,Marqise Lee,Lee,0,0,4800,JAC@HOU,JAC,HOU,,,
38352-28570:Nick Vannett,38352-28570,TE,Nick,Nick Vannett,Vannett,2.599999905,1,4800,SEA@PIT,SEA,PIT,,,
38352-56265:Mike Gesicki,38352-56265,TE,Mike,Mike Gesicki,Gesicki,4.099999905,1,4800,NE@MIA,MIA,NE,,,
38352-29866:Paul Perkins,38352-29866,RB,Paul,Paul Perkins,Perkins,0,0,4700,BUF@NYG,NYG,BUF,,,
38352-25813:Phillip Dorsett II,38352-25813,WR,Phillip,Phillip Dorsett II,Dorsett II,23.5,1,4700,NE@MIA,NE,MIA,,,
38352-12530:Dallas Cowboys,38352-12530,D,Dallas,Dallas Cowboys,Cowboys,6,1,4700,DAL@WAS,DAL,WAS,,,
38352-53498:Richie James Jr.,38352-53498,WR,Richie,Richie James Jr.,James Jr.,10.39999962,1,4700,SF@CIN,SF,CIN,,,
38352-33047:Chris Moore,38352-33047,WR,Chris,Chris Moore,Moore,2.453333282,15,4700,ARI@BAL,BAL,ARI,,,
38352-41305:Zay Jones,38352-41305,WR,Zay,Zay Jones,Jones,2.799999952,1,4700,BUF@NYG,BUF,NYG,,,
38352-43416:Trent Taylor,38352-43416,WR,Trent,Trent Taylor,Taylor,3.269230769,13,4700,SF@CIN,SF,CIN,O,Foot,
38352-6641:Jason Witten,38352-6641,TE,Jason,Jason Witten,Witten,9,1,4700,DAL@WAS,DAL,WAS,,,
38352-70157:Darrell Henderson Jr.,38352-70157,RB,Darrell,Darrell Henderson Jr.,Henderson Jr.,0,1,4700,NO@LAR,LAR,NO,,,
38352-71352:Mecole Hardman,38352-71352,WR,Mecole,Mecole Hardman,Hardman,0,1,4700,KC@OAK,KC,OAK,,,
38352-70372:Chester Rogers,38352-70372,WR,Chester,Chester Rogers,Rogers,0,1,4700,IND@TEN,IND,TEN,,,
38352-57299:Gerald Everett,38352-57299,TE,Gerald,Gerald Everett,Everett,1.200000048,1,4700,NO@LAR,LAR,NO,,,
38352-26610:Paul Richardson Jr.,38352-26610,WR,Paul,Paul Richardson Jr.,Richardson Jr.,5.599999905,1,4700,DAL@WAS,WAS,DAL,,,
38352-64585:Dawson Knox,38352-64585,TE,Dawson,Dawson Knox,Knox,0.600000024,1,4600,BUF@NYG,BUF,NYG,,,
38352-79998:Keelan Cole,38352-79998,WR,Keelan,Keelan Cole,Cole,5.392307575,13,4600,JAC@HOU,JAC,HOU,,,
38352-84122:Detrez Newsome,38352-84122,RB,Detrez,Detrez Newsome,Newsome,2.600000064,3,4600,LAC@DET,LAC,DET,,,
38352-9392:Michael Crabtree,38352-9392,WR,Michael,Michael Crabtree,Crabtree,6.606249809,16,4600,ARI@BAL,ARI,BAL,,,
38352-12526:Buffalo Bills,38352-12526,D,Buffalo,Buffalo Bills,Bills,10,1,4600,BUF@NYG,BUF,NYG,,,
38352-12534:Tennessee Titans,38352-12534,D,Tennessee,Tennessee Titans,Titans,23,1,4600,IND@TEN,TEN,IND,,,
38352-64841:Equanimeous St. Brown,38352-64841,WR,Equanimeous,Equanimeous St. Brown,St. Brown,3.981818112,11,4600,MIN@GB,GB,MIN,IR,Ankle,
38352-31061:T.J. Yeldon,38352-31061,RB,T.J.,T.J. Yeldon,Yeldon,10.40000044,14,4600,BUF@NYG,BUF,NYG,,,
38352-39428:Kyle Juszczyk,38352-39428,RB,Kyle,Kyle Juszczyk,Juszczyk,3.493333435,15,4600,SF@CIN,SF,CIN,,,
38352-22113:Alfred Morris,38352-22113,RB,Alfred,Alfred Morris,Morris,5.827272589,11,4600,DAL@WAS,DAL,WAS,,,
38352-52897:Darrel Williams,38352-52897,RB,Darrel,Darrel Williams,Williams,4.866666794,3,4600,KC@OAK,KC,OAK,,,
38352-64175:Hakeem Butler,38352-64175,WR,Hakeem,Hakeem Butler,Butler,0,0,4600,ARI@BAL,ARI,BAL,IR,Hand,
38352-27338:Rex Burkhead,38352-27338,RB,Rex,Rex Burkhead,Burkhead,11,1,4600,NE@MIA,NE,MIA,,,
38352-53097:Josh Reynolds,38352-53097,WR,Josh,Josh Reynolds,Reynolds,0,1,4600,NO@LAR,LAR,NO,,,
38352-43912:Chad Beebe,38352-43912,WR,Chad,Chad Beebe,Beebe,1.399999976,1,4600,MIN@GB,MIN,GB,,,
38352-41867:Jordan Wilkins,38352-41867,RB,Jordan,Jordan Wilkins,Wilkins,4.00769219,13,4600,IND@TEN,IND,TEN,,,
38352-45997:Keith Kirkwood,38352-45997,WR,Keith,Keith Kirkwood,Kirkwood,5.628571647,7,4600,NO@LAR,NO,LAR,,,
38352-63419:Andy Isabella,38352-63419,WR,Andy,Andy Isabella,Isabella,0,1,4600,ARI@BAL,ARI,BAL,,,
38352-54280:Duke Williams,38352-54280,WR,Duke,Duke Williams,Williams,0,0,4500,BUF@NYG,BUF,NYG,,,
38352-92168:Damion Willis,38352-92168,WR,Damion,Damion Willis,Willis,4.5,1,4500,SF@CIN,CIN,SF,,,
38352-24589:Jaron Brown,38352-24589,WR,Jaron,Jaron Brown,Brown,5.359999847,10,4500,SEA@PIT,SEA,PIT,,,
38352-30733:Cordarrelle Patterson,38352-30733,WR,Cordarrelle,Cordarrelle Patterson,Patterson,0.600000024,1,4500,CHI@DEN,CHI,DEN,,,
38352-27671:Jake Kumerow,38352-27671,WR,Jake,Jake Kumerow,Kumerow,5.074999809,4,4500,MIN@GB,GB,MIN,,,
38352-27672:Matt LaCosse,38352-27672,TE,Matt,Matt LaCosse,LaCosse,3.307692308,13,4500,NE@MIA,NE,MIA,,,
38352-61468:Juwan Foggie,38352-61468,WR,Juwan,Juwan Foggie,Foggie,0,0,4500,BUF@NYG,BUF,NYG,,,
38352-56356:Isaiah Ford,38352-56356,WR,Isaiah,Isaiah Ford,Ford,0,1,4500,NE@MIA,MIA,NE,,,
38352-62508:James O'Shaughnessy,38352-62508,TE,James,James O'Shaughnessy,O'Shaughnessy,5.199999809,1,4500,JAC@HOU,JAC,HOU,,,
38352-41042:Marcell Ateman,38352-41042,WR,Marcell,Marcell Ateman,Ateman,4.816666603,6,4500,KC@OAK,OAK,KC,,,
38352-79972:Chad Williams,38352-79972,WR,Chad,Chad Williams,Williams,3.25,10,4500,IND@TEN,IND,TEN,,,
38352-61555:David Sills V,38352-61555,WR,David,David Sills V,Sills V,0,0,4500,BUF@NYG,NYG,BUF,,,
38352-55414:Cody Thompson,38352-55414,WR,Cody,Cody Thompson,Thompson,0,0,4500,KC@OAK,KC,OAK,,,
38352-104577:Gunner Olszewski,38352-104577,WR,Gunner,Gunner Olszewski,Olszewski,0,1,4500,NE@MIA,NE,MIA,,,
38352-61570:Chandler Cox,38352-61570,RB,Chandler,Chandler Cox,Cox,0,0,4500,NE@MIA,MIA,NE,,,
38352-84101:Vyncint Smith,38352-84101,WR,Vyncint,Vyncint Smith,Smith,4.400000095,4,4500,JAC@HOU,HOU,JAC,,,
38352-53390:Zach Pascal,38352-53390,WR,Zach,Zach Pascal,Pascal,4.099999941,13,4500,IND@TEN,IND,TEN,,,
38352-63634:Jakobi Meyers,38352-63634,WR,Jakobi,Jakobi Meyers,Meyers,2.700000048,1,4500,NE@MIA,NE,MIA,,,
38352-25760:Allen Hurns,38352-25760,WR,Allen,Allen Hurns,Hurns,2.700000048,1,4500,NE@MIA,MIA,NE,,,
38352-62628:DeAndre Carter,38352-62628,WR,DeAndre,DeAndre Carter,Carter,0.400000006,1,4500,JAC@HOU,HOU,JAC,,,
38352-52391:Jalen Harvey,38352-52391,WR,Jalen,Jalen Harvey,Harvey,0,0,4500,SEA@PIT,SEA,PIT,,,
38352-84137:Deontez Alexander,38352-84137,WR,Deontez,Deontez Alexander,Alexander,0,0,4500,LAC@DET,DET,LAC,,,
38352-52405:Jalen Hurd,38352-52405,WR,Jalen,Jalen Hurd,Hurd,0,0,4500,SF@CIN,SF,CIN,O,Back,
38352-40118:Steven Mitchell Jr.,38352-40118,WR,Steven,Steven Mitchell Jr.,Mitchell Jr.,0,0,4500,JAC@HOU,HOU,JAC,,,
38352-52409:Jakob Johnson,38352-52409,RB,Jakob,Jakob Johnson,Johnson,0,0,4500,NE@MIA,NE,MIA,,,
38352-61631:Olabisi Johnson,38352-61631,WR,Olabisi,Olabisi Johnson,Johnson,0,0,4500,MIN@GB,MIN,GB,,,
38352-68800:Jaleel Scott,38352-68800,WR,Jaleel,Jaleel Scott,Scott,0,0,4500,ARI@BAL,BAL,ARI,,,
38352-41155:Taquan Mizzell Sr.,38352-41155,RB,Taquan,Taquan Mizzell Sr.,Mizzell Sr.,2.424999952,8,4500,NO@LAR,NO,LAR,,,
38352-83140:Christopher Ezeala,38352-83140,RB,Christopher,Christopher Ezeala,Ezeala,0,0,4500,ARI@BAL,BAL,ARI,,,
38352-54472:Cam Sims,38352-54472,WR,Cam,Cam Sims,Sims,0,0,4500,DAL@WAS,WAS,DAL,,,
38352-70868:Damarea Crockett,38352-70868,RB,Damarea,Damarea Crockett,Crockett,0,0,4500,KC@OAK,OAK,KC,,,
38352-28890:Derek Watt,38352-28890,RB,Derek,Derek Watt,Watt,0.400000006,1,4500,LAC@DET,LAC,DET,,,
38352-55514:Buddy Howell,38352-55514,RB,Buddy,Buddy Howell,Howell,0,1,4500,JAC@HOU,HOU,JAC,,,
38352-11485:Golden Tate,38352-11485,WR,Golden,Golden Tate,Tate,9.72666626,15,4500,BUF@NYG,NYG,BUF,O,Suspension,
38352-52451:Samaje Perine,38352-52451,RB,Samaje,Samaje Perine,Perine,1.299999952,4,4500,SF@CIN,CIN,SF,,,
38352-28900:Melvin Gordon III,38352-28900,RB,Melvin,Melvin Gordon III,Gordon III,20.875,12,4500,LAC@DET,LAC,DET,O,Contract dispute,
38352-93413:Terry Wright,38352-93413,WR,Terry,Terry Wright,Wright,0,0,4500,SEA@PIT,SEA,PIT,,,
38352-63717:Alec Ingold,38352-63717,RB,Alec,Alec Ingold,Ingold,0,0,4500,KC@OAK,OAK,KC,,,
38352-69860:Trayveon Williams,38352-69860,RB,Trayveon,Trayveon Williams,Williams,0,0,4500,SF@CIN,CIN,SF,Q,Foot,
38352-70889:Benny Snell Jr.,38352-70889,RB,Benny,Benny Snell Jr.,Snell Jr.,0,0,4500,SEA@PIT,PIT,SEA,,,
38352-28907:Alex Erickson,38352-28907,WR,Alex,Alex Erickson,Erickson,2.799999952,1,4500,SF@CIN,CIN,SF,,,
38352-12527:Chicago Bears,38352-12527,D,Chicago,Chicago Bears,Bears,9,1,4500,CHI@DEN,CHI,DEN,,,
38352-11504:Andre Roberts,38352-11504,WR,Andre,Andre Roberts,Roberts,1.931249976,16,4500,BUF@NYG,BUF,NYG,Q,Quadriceps,
38352-12531:Denver Broncos,38352-12531,D,Denver,Denver Broncos,Broncos,0,1,4500,CHI@DEN,DEN,CHI,,,
38352-45299:David Fluellen,38352-45299,RB,David,David Fluellen,Fluellen,0.800000012,2,4500,IND@TEN,TEN,IND,,,
38352-48371:Robert Davis,38352-48371,WR,Robert,Robert Davis,Davis,0,0,4500,DAL@WAS,WAS,DAL,,,
38352-94453:Darwin Thompson,38352-94453,RB,Darwin,Darwin Thompson,Thompson,0.800000012,1,4500,KC@OAK,KC,OAK,,,
38352-44280:JoJo Natson,38352-44280,WR,JoJo,JoJo Natson,Natson,0,1,4500,NO@LAR,LAR,NO,,,
38352-55552:Jeff Wilson Jr.,38352-55552,RB,Jeff,Jeff Wilson Jr.,Wilson Jr.,6.400000254,6,4500,SF@CIN,SF,CIN,,,
38352-41221:Andre Patton,38352-41221,WR,Andre,Andre Patton,Patton,0,0,4500,LAC@DET,LAC,DET,,,
38352-64786:Ryquell Armstead,38352-64786,RB,Ryquell,Ryquell Armstead,Armstead,0.699999988,1,4500,JAC@HOU,JAC,HOU,,,
38352-62740:Malik Henry,38352-62740,WR,Malik,Malik Henry,Henry,0,0,4500,SF@CIN,SF,CIN,,,
38352-83221:De'Lance Turner,38352-83221,RB,De'Lance,De'Lance Turner,Turner,1.549999952,2,4500,ARI@BAL,BAL,ARI,,,
38352-60705:Tyron Johnson,38352-60705,WR,Tyron,Tyron Johnson,Johnson,0,0,4500,BUF@NYG,BUF,NYG,,,
38352-56623:Papi White,38352-56623,WR,Papi,Papi White,White,0,0,4500,IND@TEN,TEN,IND,,,
38352-57651:Travis Fulgham,38352-57651,WR,Travis,Travis Fulgham,Fulgham,0,0,4500,LAC@DET,DET,LAC,,,
38352-14645:Dontrelle Inman,38352-14645,WR,Dontrelle,Dontrelle Inman,Inman,1,1,4500,LAC@DET,LAC,DET,,,
38352-55609:Ryan Izzo,38352-55609,TE,Ryan,Ryan Izzo,Izzo,0.800000012,1,4500,NE@MIA,NE,MIA,,,
38352-64827:Miles Boykin,38352-64827,WR,Miles,Miles Boykin,Boykin,7,1,4500,ARI@BAL,BAL,ARI,,,
38352-60736:Jazz Ferguson,38352-60736,WR,Jazz,Jazz Ferguson,Ferguson,0,0,4500,SEA@PIT,SEA,PIT,,,
38352-64835:Dexter Williams,38352-64835,RB,Dexter,Dexter Williams,Williams,0,0,4500,MIN@GB,GB,MIN,,,
38352-43334:J.D. McKissic,38352-43334,RB,J.D.,J.D. McKissic,McKissic,3.400000095,1,4500,LAC@DET,DET,LAC,,,
38352-62791:Mark Walton,38352-62791,RB,Mark,Mark Walton,Walton,0.100000001,1,4500,NE@MIA,MIA,NE,,,
38352-56649:Sean Modster,38352-56649,WR,Sean,Sean Modster,Modster,0,0,4500,ARI@BAL,BAL,ARI,,,
38352-63819:Darius Slayton,38352-63819,WR,Darius,Darius Slayton,Slayton,0,0,4500,BUF@NYG,NYG,BUF,Q,Hamstring,
38352-34125:Geremy Davis,38352-34125,WR,Geremy,Geremy Davis,Davis,0,1,4500,LAC@DET,LAC,DET,Q,Hamstring,
38352-34154:J.J. Nelson,38352-34154,WR,J.J.,J.J. Nelson,Nelson,1.099999958,9,4500,KC@OAK,OAK,KC,,,
38352-22898:Brandon Bolden,38352-22898,RB,Brandon,Brandon Bolden,Bolden,0.699999988,1,4500,NE@MIA,NE,MIA,,,
38352-71031:Lil'Jordan Humphrey,38352-71031,WR,Lil'Jordan,Lil'Jordan Humphrey,Humphrey,0,0,4500,NO@LAR,NO,LAR,,,
38352-71039:Kelvin Harmon,38352-71039,WR,Kelvin,Kelvin Harmon,Harmon,4.099999905,1,4500,DAL@WAS,WAS,DAL,,,
38352-56708:Will Dissly,38352-56708,TE,Will,Will Dissly,Dissly,1.700000048,1,4500,SEA@PIT,SEA,PIT,Q,Knee,
38352-53639:Isaiah McKenzie,38352-53639,WR,Isaiah,Isaiah McKenzie,McKenzie,5.4375,8,4500,BUF@NYG,BUF,NYG,,,
38352-55694:Mike Thomas,38352-55694,WR,Mike,Mike Thomas,Thomas,0,0,4500,NO@LAR,LAR,NO,,,
38352-80281:C.J. Board,38352-80281,WR,C.J.,C.J. Board,Board,0,0,4500,JAC@HOU,JAC,HOU,,,
38352-41370:Trevor Davis,38352-41370,WR,Trevor,Trevor Davis,Davis,3.299999952,1,4500,MIN@GB,GB,MIN,,,
38352-41371:Khalfani Muhammad,38352-41371,RB,Khalfani,Khalfani Muhammad,Muhammad,0,0,4500,CHI@DEN,DEN,CHI,,,
38352-55712:Jonathan Duhart,38352-55712,WR,Jonathan,Jonathan Duhart,Duhart,0,0,4500,LAC@DET,DET,LAC,,,
38352-80289:Kendrick Bourne,38352-80289,WR,Kendrick,Kendrick Bourne,Bourne,1.399999976,1,4500,SF@CIN,SF,CIN,,,
38352-28065:Jehu Chesson,38352-28065,WR,Jehu,Jehu Chesson,Chesson,0.200000003,4,4500,DAL@WAS,WAS,DAL,,,
38352-47523:Tajae Sharpe,38352-47523,WR,Tajae,Tajae Sharpe,Sharpe,0,1,4500,IND@TEN,TEN,IND,,,
38352-63907:Josh Oliver,38352-63907,TE,Josh,Josh Oliver,Oliver,0,0,4500,JAC@HOU,JAC,HOU,Q,Hamstring,
38352-32185:Zach Line,38352-32185,RB,Zach,Zach Line,Line,1.818181818,11,4500,NO@LAR,NO,LAR,,,
38352-72133:Antoine Wesley,38352-72133,WR,Antoine,Antoine Wesley,Wesley,0,0,4500,ARI@BAL,BAL,ARI,,,
38352-55750:Chris Lacy,38352-55750,WR,Chris,Chris Lacy,Lacy,0,1,4500,LAC@DET,DET,LAC,,,
38352-31184:Jonathan Williams,38352-31184,RB,Jonathan,Jonathan Williams,Williams,0.200000008,3,4500,IND@TEN,IND,TEN,Q,Ribs,
38352-54741:Seth Roberts,38352-54741,WR,Seth,Seth Roberts,Roberts,1.5,1,4500,ARI@BAL,BAL,ARI,,,
38352-66008:Diontae Johnson,38352-66008,WR,Diontae,Diontae Johnson,Johnson,4,1,4500,SEA@PIT,PIT,SEA,,,
38352-103896:Nsimba Webster,38352-103896,WR,Nsimba,Nsimba Webster,Webster,0,0,4500,NO@LAR,LAR,NO,,,
38352-103901:Davion Davis,38352-103901,WR,Davion,Davion Davis,Davis,0,0,4500,MIN@GB,MIN,GB,,,
38352-14820:Nick Bellore,38352-14820,RB,Nick,Nick Bellore,Bellore,0.875,4,4500,SEA@PIT,SEA,PIT,,,
38352-56809:Allen Lazard,38352-56809,WR,Allen,Allen Lazard,Lazard,1.200000048,1,4500,MIN@GB,GB,MIN,,,
38352-29183:D.J. Foster,38352-29183,RB,D.J.,D.J. Foster,Foster,0,0,4500,ARI@BAL,ARI,BAL,,,
38352-60930:Myles Gaskin,38352-60930,RB,Myles,Myles Gaskin,Gaskin,0,0,4500,NE@MIA,MIA,NE,,,
38352-23046:Jamize Olawale,38352-23046,RB,Jamize,Jamize Olawale,Olawale,0,1,4500,DAL@WAS,DAL,WAS,,,
38352-62994:Steven Sims Jr.,38352-62994,WR,Steven,Steven Sims Jr.,Sims Jr.,0,1,4500,DAL@WAS,WAS,DAL,,,
38352-54817:Diontae Spencer,38352-54817,WR,Diontae,Diontae Spencer,Spencer,0,0,4500,CHI@DEN,DEN,CHI,,,
38352-57900:Quinton Flowers,38352-57900,RB,Quinton,Quinton Flowers,Flowers,0,0,4500,IND@TEN,IND,TEN,,,
38352-63033:Marcus Marshall,38352-63033,RB,Marcus,Marcus Marshall,Marshall,0,0,4500,KC@OAK,KC,OAK,,,
38352-103992:Emmanuel Butler,38352-103992,WR,Emmanuel,Emmanuel Butler,Butler,0,0,4500,NO@LAR,NO,LAR,,,
38352-103996:Reggie White Jr.,38352-103996,WR,Reggie,Reggie White Jr.,White Jr.,0,0,4500,BUF@NYG,NYG,BUF,,,
38352-103998:Thomas Ives,38352-103998,WR,Thomas,Thomas Ives,Ives,0,0,4500,CHI@DEN,CHI,DEN,,,
38352-69184:Dillon Mitchell,38352-69184,WR,Dillon,Dillon Mitchell,Mitchell,0,0,4500,MIN@GB,MIN,GB,,,
38352-12872:James Develin,38352-12872,RB,James,James Develin,Develin,2.635714395,14,4500,NE@MIA,NE,MIA,,,
38352-63050:Ty Johnson,38352-63050,RB,Ty,Ty Johnson,Johnson,0.600000024,1,4500,LAC@DET,DET,LAC,,,
38352-32331:Tra Carson,38352-32331,RB,Tra,Tra Carson,Carson,0,0,4500,MIN@GB,GB,MIN,,,
38352-104012:Ashton Dulin,38352-104012,WR,Ashton,Ashton Dulin,Dulin,0,0,4500,IND@TEN,IND,TEN,,,
38352-63061:Gary Jennings,38352-63061,WR,Gary,Gary Jennings,Jennings,0,0,4500,SEA@PIT,SEA,PIT,,,
38352-62042:Deon Cain,38352-62042,WR,Deon,Deon Cain,Cain,4.5,1,4500,IND@TEN,IND,TEN,,,
38352-27229:Ameer Abdullah,38352-27229,RB,Ameer,Ameer Abdullah,Abdullah,0.800000012,1,4500,MIN@GB,MIN,GB,,,
38352-31329:Russell Shepard,38352-31329,WR,Russell,Russell Shepard,Shepard,5.114285605,7,4500,BUF@NYG,NYG,BUF,,,
38352-54885:Artavis Scott,38352-54885,WR,Artavis,Artavis Scott,Scott,0,0,4500,LAC@DET,LAC,DET,,,
38352-38509:Wendell Smallwood,38352-38509,RB,Wendell,Wendell Smallwood,Smallwood,7.953846271,13,4500,DAL@WAS,WAS,DAL,,,
38352-56946:Ventell Bryant,38352-56946,WR,Ventell,Ventell Bryant,Bryant,0,0,4500,DAL@WAS,DAL,WAS,,,
38352-33403:Tevin Jones,38352-33403,WR,Tevin,Tevin Jones,Jones,0,0,4500,SEA@PIT,PIT,SEA,,,
38352-38523:Geoff Swaim,38352-38523,TE,Geoff,Geoff Swaim,Swaim,3.700000048,1,4500,JAC@HOU,JAC,HOU,,,
38352-57986:Hunter Renfrow,38352-57986,WR,Hunter,Hunter Renfrow,Renfrow,2.299999952,1,4500,KC@OAK,OAK,KC,,,
38352-61060:Devine Ozigbo,38352-61060,RB,Devine,Devine Ozigbo,Ozigbo,0,0,4500,JAC@HOU,JAC,HOU,,,
38352-55941:Patrick Laird,38352-55941,RB,Patrick,Patrick Laird,Laird,0,0,4500,NE@MIA,MIA,NE,,,
38352-27273:Andy Janovich,38352-27273,RB,Andy,Andy Janovich,Janovich,2.411111196,9,4500,CHI@DEN,DEN,CHI,Q,Pectoral,
38352-61072:Stanley Morgan,38352-61072,WR,Stanley,Stanley Morgan,Morgan,0,0,4500,SF@CIN,CIN,SF,,,
38352-53913:Cody Hollister,38352-53913,WR,Cody,Cody Hollister,Hollister,0,0,4500,IND@TEN,TEN,IND,,,
38352-39580:Devontae Booker,38352-39580,RB,Devontae,Devontae Booker,Booker,4.300000191,16,4500,CHI@DEN,DEN,CHI,,,
38352-29351:De'Anthony Thomas,38352-29351,WR,De'Anthony,De'Anthony Thomas,Thomas,2.2,5,4500,KC@OAK,KC,OAK,,,
38352-31406:Alfred Blue,38352-31406,RB,Alfred,Alfred Blue,Blue,5.456250191,16,4500,JAC@HOU,JAC,HOU,IR,Ankle,
38352-69295:Byron Pringle,38352-69295,WR,Byron,Byron Pringle,Pringle,0,0,4500,KC@OAK,KC,OAK,,,
38352-96942:Keelan Doss,38352-96942,WR,Keelan,Keelan Doss,Doss,0,0,4500,KC@OAK,OAK,KC,,,
38352-7856:Matthew Slater,38352-7856,WR,Matthew,Matthew Slater,Slater,0,0,4500,NE@MIA,NE,MIA,,,
38352-69299:Mark Thompson,38352-69299,RB,Mark,Mark Thompson,Thompson,0,0,4500,ARI@BAL,BAL,ARI,,,
38352-58041:Mike Boone,38352-58041,RB,Mike,Mike Boone,Boone,0.966666698,6,4500,MIN@GB,MIN,GB,,,
38352-104124:Darrius Shepherd,38352-104124,WR,Darrius,Darrius Shepherd,Shepherd,0,0,4500,MIN@GB,GB,MIN,Q,Hamstring,
38352-71359:Javon Wims,38352-71359,WR,Javon,Javon Wims,Wims,0,1,4500,CHI@DEN,CHI,DEN,,,
38352-33472:C.J. Prosise,38352-33472,RB,C.J.,C.J. Prosise,Prosise,1.700000048,2,4500,SEA@PIT,SEA,PIT,,,
38352-52931:Elijhaa Penny,38352-52931,RB,Elijhaa,Elijhaa Penny,Penny,0.300000012,1,4500,BUF@NYG,NYG,BUF,,,
38352-70341:Moritz Boehringer,38352-70341,TE,Moritz,Moritz Boehringer,Boehringer,0,0,4500,SF@CIN,CIN,SF,,,
38352-69325:Riley Ridley,38352-69325,WR,Riley,Riley Ridley,Ridley,0,0,4500,CHI@DEN,CHI,DEN,,,
38352-53967:Nick Bawden,38352-53967,RB,Nick,Nick Bawden,Bawden,0.5,1,4500,LAC@DET,DET,LAC,,,
38352-64215:Karan Higdon Jr.,38352-64215,RB,Karan,Karan Higdon Jr.,Higdon Jr.,0,0,4500,JAC@HOU,HOU,JAC,,,
38352-57064:Ryan Nall,38352-57064,RB,Ryan,Ryan Nall,Nall,0,0,4500,CHI@DEN,CHI,DEN,,,
38352-56041:Khari Blasingame,38352-56041,RB,Khari,Khari Blasingame,Blasingame,0,0,4500,MIN@GB,MIN,GB,,,
38352-38634:Ryan Switzer,38352-38634,WR,Ryan,Ryan Switzer,Switzer,5.900000095,1,4500,SEA@PIT,PIT,SEA,,,
38352-104176:Deonte Harris,38352-104176,WR,Deonte,Deonte Harris,Harris,0,1,4500,NO@LAR,NO,LAR,,,
38352-54007:Jacob Hollister,38352-54007,TE,Jacob,Jacob Hollister,Hollister,3.599999905,2,4500,SEA@PIT,SEA,PIT,,,
38352-56059:Trent Sherfield,38352-56059,WR,Trent,Trent Sherfield,Sherfield,5.214285714,7,4500,ARI@BAL,ARI,BAL,,,
38352-47870:Tyler Higbee,38352-47870,TE,Tyler,Tyler Higbee,Higbee,10,1,4500,NO@LAR,LAR,NO,,,
38352-57091:Tim Patrick,38352-57091,WR,Tim,Tim Patrick,Patrick,4.870000076,10,4500,CHI@DEN,DEN,CHI,O,Hand,
38352-26384:Trey Edmunds,38352-26384,RB,Trey,Trey Edmunds,Edmunds,0,0,4500,SEA@PIT,PIT,SEA,,,
38352-28437:Danny Vitale,38352-28437,RB,Danny,Danny Vitale,Vitale,0.699999988,1,4500,MIN@GB,GB,MIN,,,
38352-71444:Travis Homer,38352-71444,RB,Travis,Travis Homer,Homer,0,0,4500,SEA@PIT,SEA,PIT,,,
38352-70422:Kalif Raymond,38352-70422,WR,Kalif,Kalif Raymond,Raymond,0,0,4500,IND@TEN,TEN,IND,,,
38352-56099:Cullen Gillaspia,38352-56099,RB,Cullen,Cullen Gillaspia,Gillaspia,0,0,4500,JAC@HOU,HOU,JAC,,,
38352-31524:Cody Core,38352-31524,WR,Cody,Cody Core,Core,3.05,10,4500,BUF@NYG,NYG,BUF,,,
38352-28463:Austin Carr,38352-28463,WR,Austin,Austin Carr,Carr,2.911111196,9,4500,NO@LAR,NO,LAR,,,
38352-55088:Malik Turner,38352-55088,WR,Malik,Malik Turner,Turner,1.5,2,4500,SEA@PIT,SEA,PIT,,,
38352-65331:Sutton Smith,38352-65331,RB,Sutton,Sutton Smith,Smith,0,0,4500,SEA@PIT,PIT,SEA,,,
38352-62271:Logan Tago,38352-62271,WR,Logan,Logan Tago,Tago,0,0,4500,SEA@PIT,SEA,PIT,,,
38352-56142:Juwann Winfree,38352-56142,WR,Juwann,Juwann Winfree,Winfree,0,0,4500,CHI@DEN,DEN,CHI,,,
38352-64339:Auden Tate,38352-64339,WR,Auden,Auden Tate,Tate,1.375,4,4500,SF@CIN,CIN,SF,Q,Knee,
38352-28502:Devin Smith,38352-28502,WR,Devin,Devin Smith,Smith,0,0,4500,DAL@WAS,DAL,WAS,,,
38352-26458:Tavon Austin,38352-26458,WR,Tavon,Tavon Austin,Austin,1.299999952,1,4500,DAL@WAS,DAL,WAS,,,
38352-56155:Jordan Ellis,38352-56155,RB,Jordan,Jordan Ellis,Ellis,0,0,4500,SF@CIN,CIN,SF,,,
38352-104282:Wes Hills,38352-104282,RB,Wes,Wes Hills,Hills,0,0,4500,ARI@BAL,ARI,BAL,,,
38352-44893:Roosevelt Nix,38352-44893,RB,Roosevelt,Roosevelt Nix,Nix,0.885714258,7,4500,SEA@PIT,PIT,SEA,O,Knee,
38352-104289:Malik Taylor,38352-104289,WR,Malik,Malik Taylor,Taylor,0,0,4500,MIN@GB,GB,MIN,,,
38352-63330:Mike Weber,38352-63330,RB,Mike,Mike Weber,Weber,0,0,4500,DAL@WAS,DAL,WAS,,,
38352-70501:C.J. Ham,38352-70501,RB,C.J.,C.J. Ham,Ham,0,1,4500,MIN@GB,MIN,GB,,,
38352-32613:DeAndre Washington,38352-32613,RB,DeAndre,DeAndre Washington,Washington,0.800000012,1,4500,KC@OAK,OAK,KC,,,
38352-64357:Michael Walker,38352-64357,WR,Michael,Michael Walker,Walker,0,0,4500,JAC@HOU,JAC,HOU,,,
38352-104297:Jason Moore,38352-104297,WR,Jason,Jason Moore,Moore,0,0,4500,LAC@DET,LAC,DET,,,
38352-31602:Fred Brown,38352-31602,WR,Fred,Fred Brown,Brown,0,0,4500,CHI@DEN,DEN,CHI,,,
38352-41857:Dalyn Dawkins,38352-41857,RB,Dalyn,Dalyn Dawkins,Dawkins,0,0,4500,IND@TEN,TEN,IND,,,
38352-27527:Blake Jarwin,38352-27527,TE,Blake,Blake Jarwin,Jarwin,11.39999962,1,4500,DAL@WAS,DAL,WAS,,,
38352-39818:Wayne Gallman Jr.,38352-39818,RB,Wayne,Wayne Gallman Jr.,Gallman Jr.,11.60000038,1,4500,BUF@NYG,NYG,BUF,,,
38352-56203:Jon Hilliman,38352-56203,RB,Jon,Jon Hilliman,Hilliman,0,0,4500,BUF@NYG,NYG,BUF,,,
38352-33703:Ryan Grant,38352-33703,WR,Ryan,Ryan Grant,Grant,3.099999905,1,4500,KC@OAK,OAK,KC,,,
38352-25513:Darius Jennings,38352-25513,WR,Darius,Darius Jennings,Jennings,0,1,4500,IND@TEN,TEN,IND,,,
38352-34729:Dwayne Washington,38352-34729,RB,Dwayne,Dwayne Washington,Washington,3.849999905,4,4500,NO@LAR,NO,LAR,,,
38352-43961:Tyler Ervin,38352-43961,RB,Tyler,Tyler Ervin,Ervin,0,1,4500,JAC@HOU,JAC,HOU,,,
38352-103352:Christian Wade,38352-103352,RB,Christian,Christian Wade,Wade,0,0,4500,BUF@NYG,BUF,NYG,,,
38352-32703:Jakeem Grant,38352-32703,WR,Jakeem,Jakeem Grant,Grant,-1.799999952,1,4500,NE@MIA,MIA,NE,,,
38352-41922:Johnny Holton,38352-41922,WR,Johnny,Johnny Holton,Holton,0,1,4500,SEA@PIT,PIT,SEA,,,
38352-61379:Kerrith Whyte Jr.,38352-61379,RB,Kerrith,Kerrith Whyte Jr.,Whyte Jr.,0,0,4500,CHI@DEN,CHI,DEN,,,
38352-104388:Tom Kennedy,38352-104388,WR,Tom,Tom Kennedy,Kennedy,0,0,4500,LAC@DET,DET,LAC,,,
38352-69581:Cedrick Wilson,38352-69581,WR,Cedrick,Cedrick Wilson,Wilson,0,0,4500,DAL@WAS,DAL,WAS,,,
38352-56273:Nick Scott,38352-56273,RB,Nick,Nick Scott,Scott,0,0,4500,NO@LAR,LAR,NO,,,
38352-30678:Damiere Byrd,38352-30678,WR,Damiere,Damiere Byrd,Byrd,6.199999809,1,4500,ARI@BAL,ARI,BAL,,,
38352-40932:Pharoh Cooper,38352-40932,WR,Pharoh,Pharoh Cooper,Cooper,0,7,4500,SF@CIN,CIN,SF,,,
38352-72676:Troymaine Pope,38352-72676,RB,Troymaine,Troymaine Pope,Pope,0,0,4500,LAC@DET,LAC,DET,,,
38352-104424:Craig Reynolds,38352-104424,RB,Craig,Craig Reynolds,Reynolds,0,0,4500,DAL@WAS,WAS,DAL,,,
38352-65518:John Ursua,38352-65518,WR,John,John Ursua,Ursua,0,0,4500,SEA@PIT,SEA,PIT,,,
38352-14319:Taiwan Jones,38352-14319,RB,Taiwan,Taiwan Jones,Jones,0,4,4500,JAC@HOU,HOU,JAC,,,
38352-14327:Anthony Sherman,38352-14327,RB,Anthony,Anthony Sherman,Sherman,2,1,4500,KC@OAK,KC,OAK,,,
38352-63479:John Kelly,38352-63479,RB,John,John Kelly,Kelly,3.700000127,3,4500,NO@LAR,LAR,NO,,,
38352-12536:Kansas City Chiefs,38352-12536,D,Kansas City,Kansas City Chiefs,Chiefs,5,1,4400,KC@OAK,KC,OAK,,,
38352-26038:Tyler Kroft,38352-26038,TE,Tyler,Tyler Kroft,Kroft,1.119999981,5,4300,BUF@NYG,BUF,NYG,Q,Foot,
38352-14362:Charles Clay,38352-14362,TE,Charles,Charles Clay,Clay,1,1,4200,ARI@BAL,ARI,BAL,,,
38352-28487:Jeff Heuerman,38352-28487,TE,Jeff,Jeff Heuerman,Heuerman,5.559999847,10,4200,CHI@DEN,DEN,CHI,,,
38352-28346:Maxx Williams,38352-28346,TE,Maxx,Maxx Williams,Williams,2,1,4100,ARI@BAL,ARI,BAL,,,
38352-14240:Lance Kendricks,38352-14240,TE,Lance,Lance Kendricks,Kendricks,2.5,13,4100,NE@MIA,NE,MIA,,,
38352-57338:Jordan Akins,38352-57338,TE,Jordan,Jordan Akins,Akins,2.200000048,1,4100,JAC@HOU,HOU,JAC,,,
38352-14348:Lee Smith,38352-14348,TE,Lee,Lee Smith,Smith,5.049999873,6,4000,BUF@NYG,BUF,NYG,,,
38352-72725:Irv Smith Jr.,38352-72725,TE,Irv,Irv Smith Jr.,Smith Jr.,0,0,4000,MIN@GB,MIN,GB,,,
38352-28694:Jesse James,38352-28694,TE,Jesse,Jesse James,James,2,1,4000,LAC@DET,DET,LAC,,,
38352-29725:Levine Toilolo,38352-29725,TE,Levine,Levine Toilolo,Toilolo,3.890909022,11,4000,SF@CIN,SF,CIN,,,
38352-60451:Tyler Conklin,38352-60451,TE,Tyler,Tyler Conklin,Conklin,2.549999952,4,4000,MIN@GB,MIN,GB,Q,Ribs,
38352-62505:MyCole Pruitt,38352-62505,TE,MyCole,MyCole Pruitt,Pruitt,0,1,4000,IND@TEN,TEN,IND,,,
38352-62510:Nick Boyle,38352-62510,TE,Nick,Nick Boyle,Boyle,4.099999905,1,4000,ARI@BAL,BAL,ARI,,,
38352-64563:Hale Hentges,38352-64563,TE,Hale,Hale Hentges,Hentges,0,0,4000,IND@TEN,IND,TEN,,,
38352-14394:Virgil Green,38352-14394,TE,Virgil,Virgil Green,Green,0.899999976,1,4000,LAC@DET,LAC,DET,,,
38352-42046:Durham Smythe,38352-42046,TE,Durham,Durham Smythe,Smythe,1,8,4000,NE@MIA,MIA,NE,,,
38352-71767:Caleb Wilson,38352-71767,TE,Caleb,Caleb Wilson,Wilson,0,0,4000,ARI@BAL,ARI,BAL,,,
38352-79967:Adam Shaheen,38352-79967,TE,Adam,Adam Shaheen,Shaheen,1.100000024,1,4000,CHI@DEN,CHI,DEN,,,
38352-79980:Eric Saubert,38352-79980,TE,Eric,Eric Saubert,Saubert,1.460000038,5,4000,KC@OAK,OAK,KC,,,
38352-71806:Kaden Smith,38352-71806,TE,Kaden,Kaden Smith,Smith,0,0,4000,SF@CIN,SF,CIN,,,
38352-58499:Parker Hesse,38352-58499,TE,Parker,Parker Hesse,Hesse,0,0,4000,IND@TEN,TEN,IND,,,
38352-54426:Andrew Beck,38352-54426,TE,Andrew,Andrew Beck,Beck,0,0,4000,CHI@DEN,DEN,CHI,,,
38352-32957:Eric Tomlinson,38352-32957,TE,Eric,Eric Tomlinson,Tomlinson,1.399999976,8,4000,BUF@NYG,NYG,BUF,,,
38352-83138:Ross Dwelley,38352-83138,TE,Ross,Ross Dwelley,Dwelley,1.200000048,2,4000,SF@CIN,SF,CIN,,,
38352-57556:Jerome Cunningham,38352-57556,TE,Jerome,Jerome Cunningham,Cunningham,0,1,4000,LAC@DET,DET,LAC,,,
38352-52463:Daniel Helm,38352-52463,TE,Daniel,Daniel Helm,Helm,0,0,4000,SF@CIN,SF,CIN,,,
38352-24817:Nick O'Leary,38352-24817,TE,Nick,Nick O'Leary,O'Leary,3.720000076,5,4000,NE@MIA,MIA,NE,,,
38352-12532:Detroit Lions,38352-12532,D,Detroit,Detroit Lions,Lions,7,1,4000,LAC@DET,DET,LAC,,,
38352-12540:Minnesota Vikings,38352-12540,D,Minnesota,Minnesota Vikings,Vikings,16,1,4000,MIN@GB,MIN,GB,,,
38352-83202:Christian Scotland-Williamson,38352-83202,TE,Christian,Christian Scotland-Williamson,Scotland-Williamson,0,0,4000,SEA@PIT,PIT,SEA,,,
38352-12548:Los Angeles Chargers,38352-12548,D,Los Angeles,Los Angeles Chargers,Chargers,2,1,4000,LAC@DET,LAC,DET,,,
38352-83226:Kevin Rader,38352-83226,TE,Kevin,Kevin Rader,Rader,0,0,4000,SEA@PIT,PIT,SEA,,,
38352-60712:Foster Moreau,38352-60712,TE,Foster,Foster Moreau,Moreau,3,1,4000,KC@OAK,OAK,KC,,,
38352-64833:Alize Mack,38352-64833,TE,Alize,Alize Mack,Mack,0,0,4000,NO@LAR,NO,LAR,,,
38352-56711:Drew Sample,38352-56711,TE,Drew,Drew Sample,Sample,0,0,4000,SF@CIN,CIN,SF,,,
38352-22920:Derek Carrier,38352-22920,TE,Derek,Derek Carrier,Carrier,2.700000127,6,4000,KC@OAK,OAK,KC,,,
38352-38301:Darren Fells,38352-38301,TE,Darren,Darren Fells,Fells,0,1,4000,JAC@HOU,HOU,JAC,,,
38352-80294:Anthony Firkser,38352-80294,TE,Anthony,Anthony Firkser,Firkser,4.75,8,4000,IND@TEN,TEN,IND,,,
38352-40371:Johnny Mundt,38352-40371,TE,Johnny,Johnny Mundt,Mundt,1,1,4000,NO@LAR,LAR,NO,,,
38352-47551:Mason Schreck,38352-47551,TE,Mason,Mason Schreck,Schreck,0,0,4000,SF@CIN,CIN,SF,,,
38352-31169:Jeremy Sprinkle,38352-31169,TE,Jeremy,Jeremy Sprinkle,Sprinkle,1.299999952,1,4000,DAL@WAS,WAS,DAL,,,
38352-103900:Brandon Dillon,38352-103900,TE,Brandon,Brandon Dillon,Dillon,0,0,4000,MIN@GB,MIN,GB,,,
38352-80353:Robert Tonyan,38352-80353,TE,Robert,Robert Tonyan,Tonyan,3.299999952,1,4000,MIN@GB,GB,MIN,,,
38352-27117:Sean Culkin,38352-27117,TE,Sean,Sean Culkin,Culkin,2.900000095,1,4000,LAC@DET,LAC,DET,,,
38352-22004:Dwayne Allen,38352-22004,TE,Dwayne,Dwayne Allen,Allen,1.399999936,3,4000,NE@MIA,MIA,NE,,,
38352-41469:Darrell Daniels,38352-41469,TE,Darrell,Darrell Daniels,Daniels,0,2,4000,ARI@BAL,ARI,BAL,,,
38352-6672:Marcedes Lewis,38352-6672,TE,Marcedes,Marcedes Lewis,Lewis,2.400000095,1,4000,MIN@GB,GB,MIN,,,
38352-62998:Jace Sternberger,38352-62998,TE,Jace,Jace Sternberger,Sternberger,0,0,4000,MIN@GB,GB,MIN,IR,Ankle,
38352-22065:Rhett Ellison,38352-22065,TE,Rhett,Rhett Ellison,Ellison,1.299999952,1,4000,BUF@NYG,NYG,BUF,,,
38352-52795:Charles Jones,38352-52795,TE,Charles,Charles Jones,Jones,0,0,4000,JAC@HOU,JAC,HOU,,,
38352-39492:Josh Hill,38352-39492,TE,Josh,Josh Hill,Hill,0.300000012,1,4000,NO@LAR,NO,LAR,,,
38352-55895:Kendall Blanton,38352-55895,TE,Kendall,Kendall Blanton,Blanton,0,0,4000,NO@LAR,LAR,NO,,,
38352-29277:Stephen Anderson,38352-29277,TE,Stephen,Stephen Anderson,Anderson,0,0,4000,NE@MIA,NE,MIA,,,
38352-56925:Charles Scarff,38352-56925,TE,Charles,Charles Scarff,Scarff,0,0,4000,ARI@BAL,BAL,ARI,,,
38352-56947:Chris Myarick,38352-56947,TE,Chris,Chris Myarick,Myarick,0,0,4000,NE@MIA,MIA,NE,,,
38352-80546:Dan Arnold,38352-80546,TE,Dan,Dan Arnold,Arnold,3.857142857,7,4000,NO@LAR,NO,LAR,,,
38352-62119:C.J. Conrad,38352-62119,TE,C.J.,C.J. Conrad,Conrad,0,0,4000,BUF@NYG,NYG,BUF,,,
38352-47788:Deon Yelder,38352-47788,TE,Deon,Deon Yelder,Yelder,0,0,4000,KC@OAK,KC,OAK,,,
38352-62127:Cole Hikutini,38352-62127,TE,Cole,Cole Hikutini,Hikutini,0,0,4000,DAL@WAS,DAL,WAS,,,
38352-7870:Ben Watson,38352-7870,TE,Ben,Ben Watson,Watson,5.346153846,13,4000,NE@MIA,NE,MIA,O,Suspension,
38352-70335:Seth DeValve,38352-70335,TE,Seth,Seth DeValve,DeValve,3.179999924,5,4000,JAC@HOU,JAC,HOU,,,
38352-29390:Evan Baylis,38352-29390,TE,Evan,Evan Baylis,Baylis,0,0,4000,MIN@GB,GB,MIN,,,
38352-69326:Isaac Nauta,38352-69326,TE,Isaac,Isaac Nauta,Nauta,0,0,4000,LAC@DET,DET,LAC,,,
38352-64221:Zach Gentry,38352-64221,TE,Zach,Zach Gentry,Gentry,0,0,4000,SEA@PIT,PIT,SEA,,,
38352-26355:Logan Thomas,38352-26355,TE,Logan,Logan Thomas,Thomas,1.787500024,8,4000,LAC@DET,DET,LAC,,,
38352-55042:Dalton Schultz,38352-55042,TE,Dalton,Dalton Schultz,Schultz,2.200000048,8,4000,DAL@WAS,DAL,WAS,,,
38352-27403:Blake Bell,38352-27403,TE,Blake,Blake Bell,Bell,1.200000048,1,4000,KC@OAK,KC,OAK,,,
38352-12055:Logan Paulsen,38352-12055,TE,Logan,Logan Paulsen,Paulsen,2.800000054,7,4000,JAC@HOU,HOU,JAC,,,
38352-40746:Troy Fumagalli,38352-40746,TE,Troy,Troy Fumagalli,Fumagalli,0,0,4000,CHI@DEN,DEN,CHI,,,
38352-38722:Cethan Carter,38352-38722,TE,Cethan,Cethan Carter,Carter,0,0,4000,SF@CIN,CIN,SF,,,
38352-70489:Ben Braunecker,38352-70489,TE,Ben,Ben Braunecker,Braunecker,1.139999962,5,4000,CHI@DEN,CHI,DEN,,,
38352-38753:Jake Butt,38352-38753,TE,Jake,Jake Butt,Butt,4.166666667,3,4000,CHI@DEN,DEN,CHI,IR,Knee,
38352-55153:Garrett Dickerson,38352-55153,TE,Garrett,Garrett Dickerson,Dickerson,0,0,4000,BUF@NYG,NYG,BUF,Q,Quadriceps,
38352-56212:Tommy Sweeney,38352-56212,TE,Tommy,Tommy Sweeney,Sweeney,4.5,1,4000,BUF@NYG,BUF,NYG,,,
38352-29592:Xavier Grimble,38352-29592,TE,Xavier,Xavier Grimble,Grimble,1.371428626,7,4000,SEA@PIT,PIT,SEA,,,
38352-55209:Nate Becker,38352-55209,TE,Nate,Nate Becker,Becker,0,0,4000,BUF@NYG,BUF,NYG,,,
38352-30654:Jerell Adams,38352-30654,TE,Jerell,Jerell Adams,Adams,0,0,4000,JAC@HOU,HOU,JAC,,,
38352-24533:Mo Alie-Cox,38352-24533,TE,Mo,Mo Alie-Cox,Alie-Cox,0.800000012,1,4000,IND@TEN,IND,TEN,,,
38352-54239:Matt Sokol,38352-54239,TE,Matt,Matt Sokol,Sokol,0,0,4000,LAC@DET,LAC,DET,,,
38352-104421:Jesper Horsted,38352-104421,TE,Jesper,Jesper Horsted,Horsted,0,0,4000,CHI@DEN,CHI,DEN,,,
38352-57325:Jordan Franks,38352-57325,TE,Jordan,Jordan Franks,Franks,1.566666603,3,4000,SF@CIN,CIN,SF,,,
38352-48116:Jonnu Smith,38352-48116,TE,Jonnu,Jonnu Smith,Smith,2.200000048,1,4000,IND@TEN,TEN,IND,,,
38352-12528:Cincinnati Bengals,38352-12528,D,Cincinnati,Cincinnati Bengals,Bengals,6,1,3900,SF@CIN,CIN,SF,,,
38352-12533:Green Bay Packers,38352-12533,D,Green Bay,Green Bay Packers,Packers,14,1,3900,MIN@GB,GB,MIN,,,
38352-12542:New Orleans Saints,38352-12542,D,New Orleans,New Orleans Saints,Saints,7,1,3800,NO@LAR,NO,LAR,,,
38352-12554:Jacksonville Jaguars,38352-12554,D,Jacksonville,Jacksonville Jaguars,Jaguars,-4,1,3800,JAC@HOU,JAC,HOU,,,
38352-12549:San Francisco 49ers,38352-12549,D,San Francisco,San Francisco 49ers,49ers,27,1,3700,SF@CIN,SF,CIN,,,
38352-12550:Seattle Seahawks,38352-12550,D,Seattle,Seattle Seahawks,Seahawks,12,1,3700,SEA@PIT,SEA,PIT,,,
38352-12535:Indianapolis Colts,38352-12535,D,Indianapolis,Indianapolis Colts,Colts,7,1,3600,IND@TEN,IND,TEN,,,
38352-12538:Los Angeles Rams,38352-12538,D,Los Angeles,Los Angeles Rams,Rams,9,1,3600,NO@LAR,LAR,NO,,,
38352-12543:New York Giants,38352-12543,D,New York,New York Giants,Giants,-4,1,3500,BUF@NYG,NYG,BUF,,,
38352-12547:Pittsburgh Steelers,38352-12547,D,Pittsburgh,Pittsburgh Steelers,Steelers,0,1,3500,SEA@PIT,PIT,SEA,,,
38352-12552:Washington Redskins,38352-12552,D,Washington,Washington Redskins,Redskins,0,1,3400,DAL@WAS,WAS,DAL,,,
38352-12546:Arizona Cardinals,38352-12546,D,Arizona,Arizona Cardinals,Cardinals,7,1,3000,ARI@BAL,ARI,BAL,,,
38352-12537:Oakland Raiders,38352-12537,D,Oakland,Oakland Raiders,Raiders,4,1,2500,KC@OAK,OAK,KC,,,
38352-12539:Miami Dolphins,38352-12539,D,Miami,Miami Dolphins,Dolphins,-3,1,2500,NE@MIA,MIA,NE,,,
